"fuse.Filesystem3ToFuseFSAdapter.getattr()","fuse.Filesystem3.getattr()"
"fuse.logging.FuseLog$Levels.<init>()","java.lang.String.equals()"
"fuse.logging.FuseLog.isFatalEnabled()","fuse.logging.FuseLog$Levels.isFatalEnabled()"
"fuse.compat.Filesystem2ToFilesystem3Adapter.getdir()","fuse.FuseDirFiller.add()"
"fuse.FuseFSDirFiller.toString()","java.util.Iterator.next()"
"fuse.Filesystem3ToFuseFSAdapter.fsync()","fuse.Filesystem3.fsync()"
"fuse.Filesystem3ToFuseFSAdapter.chown()","fuse.Filesystem3.chown()"
"fuse.Filesystem3ToFuseFSAdapter.flush()","fuse.Filesystem3.flush()"
"fuse.FuseContext.get()","fuse.FuseContext.fillInFuseContext()"
"fuse.compat.Filesystem2ToFilesystem3Adapter.open()","fuse.FuseOpenSetter.setFh()"
"fuse.FuseMount.access$000()","fuse.FuseMount.mount()"
"fuse.logging.FuseLog$Levels.getLevelValue()","java.lang.Integer.intValue()"
"fuse.logging.FuseLog.isTraceEnabled()","fuse.logging.FuseLog$Levels.isTraceEnabled()"
"fuse.FuseException.<init>()","java.lang.Exception.<init>()"
"fuse.Filesystem3ToFuseFSAdapter.<init>()","java.nio.charset.Charset.forName()"
"fuse.FuseFSDirFiller.add()","java.nio.CharBuffer.wrap()"
"fuse.Filesystem3ToFuseFSAdapter$XattrSizeLister.add()","java.nio.charset.CharsetEncoder.averageBytesPerChar()"
"fuse.Filesystem3ToFuseFSAdapter.getdir()","fuse.Filesystem3.getdir()"
"fuse.Filesystem3ToFuseFSAdapter.rename()","fuse.Filesystem3.rename()"
"fuse.Filesystem3ToFuseFSAdapter.read()","fuse.Filesystem3.read()"
"fuse.Filesystem3ToFuseFSAdapter$XattrValueLister.toString()","java.nio.ByteBuffer.position()"
"fuse.Filesystem3ToFuseFSAdapter.mknod()","fuse.Filesystem3.mknod()"
"fuse.FuseMount.mount()","java.lang.Thread.currentThread()"
"fuse.Filesystem3ToFuseFSAdapter.destroy()","fuse.LifecycleSupport.destroy()"
"fuse.compat.Filesystem2ToFilesystem3Adapter.getattr()","fuse.FuseGetattrSetter.set()"
"fuse.Filesystem3ToFuseFSAdapter.rmdir()","fuse.Filesystem3.rmdir()"
"fuse.Filesystem3ToFuseFSAdapter.write()","fuse.Filesystem3.write()"
"fuse.util.FuseArgumentParser.<init>()","java.lang.String.equals()"
"fuse.Filesystem3ToFuseFSAdapter.handleException()","org.apache.commons.logging.Log.error()"
"fuse.Filesystem3ToFuseFSAdapter$XattrValueLister.add()","java.nio.CharBuffer.wrap()"
"fuse.Filesystem3ToFuseFSAdapter.truncate()","fuse.Filesystem3.truncate()"
"fuse.Filesystem3.truncate()","fuse.compat.Filesystem2.truncate()"
"fuse.Filesystem3ToFuseFSAdapter.listxattrsize()","fuse.FuseSizeSetter.setSize()"
"fuse.Filesystem3ToFuseFSAdapter.link()","fuse.Filesystem3.link()"
"fuse.Filesystem3ToFuseFSAdapter.release()","fuse.Filesystem3.release()"
"fuse.compat.Filesystem2ToFilesystem3Adapter.truncate()","fuse.compat.Filesystem2.truncate()"
"fuse.compat.Filesystem2ToFilesystem3Adapter.readlink()","java.nio.CharBuffer.put()"
"fuse.Filesystem3ToFuseFSAdapter.listxattr()","fuse.Filesystem3ToFuseFSAdapter$XattrValueLister.<init>()"
"fuse.Filesystem3ToFuseFSAdapter.utime()","java.util.Date.<init>()"
"fuse.logging.FuseLog.isWarnEnabled()","fuse.logging.FuseLog$Levels.isWarnEnabled()"
"fuse.FuseMount$1.run()","java.lang.RuntimeException.<init>()"
"fuse.util.Struct.toString()","java.lang.Object.hashCode()"
"fuse.logging.FuseLog.isInfoEnabled()","fuse.logging.FuseLog$Levels.isInfoEnabled()"
"fuse.util.Struct","fuse.FuseContext"
"fuse.compat.Filesystem2ToFilesystem3Adapter.statfs()","fuse.FuseStatfsSetter.set()"
"fuse.util.Struct.clone()","java.lang.RuntimeException.<init>()"
"fuse.FuseMount.<clinit>()","java.lang.System.loadLibrary()"
"fuse.Filesystem3ToFuseFSAdapter.symlink()","fuse.Filesystem3.symlink()"
"fuse.compat.Filesystem2","fuse.compat.Filesystem1"
"fuse.logging.FuseLog._log()","java.lang.Thread.currentThread()"
"fuse.Filesystem3ToFuseFSAdapter.setxattr()","fuse.XattrSupport.setxattr()"
"fuse.FuseDirFiller.add()","fuse.FuseFSDirFiller.add()"
"fuse.Filesystem3ToFuseFSAdapter.mkdir()","fuse.Filesystem3.mkdir()"
"fuse.Filesystem3ToFuseFSAdapter.getxattrsize()","fuse.XattrSupport.getxattrsize()"
"fuse.FuseDirFiller","fuse.FuseFSDirFiller"
"fuse.Filesystem3ToFuseFSAdapter.readlink()","java.nio.charset.CharsetEncoder.encode()"
"fuse.logging.FuseLog.isDebugEnabled()","fuse.logging.FuseLog$Levels.isDebugEnabled()"
"fuse.Filesystem3ToFuseFSAdapter.chmod()","fuse.Filesystem3.chmod()"
"fuse.logging.FuseLog.<clinit>()","fuse.logging.FuseLog$Levels.<init>()"
"fuse.Filesystem3ToFuseFSAdapter.unlink()","fuse.Filesystem3.unlink()"
"fuse.Filesystem3ToFuseFSAdapter.removexattr()","fuse.XattrSupport.removexattr()"
"fuse.Filesystem3ToFuseFSAdapter.getxattr()","fuse.XattrSupport.getxattr()"
"fuse.Filesystem3ToFuseFSAdapter.init()","fuse.LifecycleSupport.init()"
"fuse.Filesystem3ToFuseFSAdapter.open()","fuse.Filesystem3.open()"
"fuse.FuseFSFillDir.fill()","java.nio.ByteBuffer.remaining()"
"fuse.Filesystem3ToFuseFSAdapter.statfs()","fuse.Filesystem3.statfs()"
