1	fuse.Filesystem3.chmod()
1	fuse.Filesystem3.chown()
1	fuse.Filesystem3.flush()
1	fuse.Filesystem3.fsync()
1	fuse.Filesystem3.getattr()
1	fuse.Filesystem3.getdir()
1	fuse.Filesystem3.link()
1	fuse.Filesystem3.mkdir()
1	fuse.Filesystem3.mknod()
1	fuse.Filesystem3.open()
1	fuse.Filesystem3.read()
1	fuse.Filesystem3.readlink()
1	fuse.Filesystem3.release()
1	fuse.Filesystem3.rename()
1	fuse.Filesystem3.rmdir()
1	fuse.Filesystem3.statfs()
1	fuse.Filesystem3.symlink()
1	fuse.Filesystem3.truncate()
1	fuse.Filesystem3.unlink()
1	fuse.Filesystem3.utime()
1	fuse.Filesystem3.write()
1	fuse.Filesystem3ToFuseFSAdapter$XattrSizeLister.<init>()
1	fuse.Filesystem3ToFuseFSAdapter$XattrValueLister.<init>()
1	fuse.FuseContext
1	fuse.FuseContext.fillInFuseContext()
1	fuse.FuseDirFiller.add()
1	fuse.FuseException.<init>()
1	fuse.FuseException.getErrno()
1	fuse.FuseException.initErrno()
1	fuse.FuseFSDirEnt.<init>()
1	fuse.FuseFSDirFiller
1	fuse.FuseFSDirFiller.add()
1	fuse.FuseFSDirFiller.iterator()
1	fuse.FuseFSDirFiller.setCharset()
1	fuse.FuseGetattrSetter.set()
1	fuse.FuseMount$1.<init>()
1	fuse.FuseMount.access$000()
1	fuse.FuseMount.mount()
1	fuse.FuseOpenSetter.setFh()
1	fuse.FuseSizeSetter.setSize()
1	fuse.FuseStatfsSetter.set()
1	fuse.LifecycleSupport.destroy()
1	fuse.LifecycleSupport.init()
1	fuse.XattrSupport.getxattr()
1	fuse.XattrSupport.getxattrsize()
1	fuse.XattrSupport.removexattr()
1	fuse.XattrSupport.setxattr()
1	fuse.compat.Filesystem1
1	fuse.logging.FuseLog$Levels.<init>()
1	fuse.logging.FuseLog$Levels.access$000()
1	fuse.logging.FuseLog$Levels.isDebugEnabled()
1	fuse.logging.FuseLog$Levels.isFatalEnabled()
1	fuse.logging.FuseLog$Levels.isInfoEnabled()
1	fuse.logging.FuseLog$Levels.isTraceEnabled()
1	fuse.logging.FuseLog$Levels.isWarnEnabled()
1	java.io.PrintStream.printf()
1	java.lang.Class.getName()
1	java.lang.Exception.<init>()
1	java.lang.IllegalArgumentException.<init>()
1	java.lang.Integer.<init>()
1	java.lang.Integer.intValue()
1	java.lang.Long.<init>()
1	java.lang.Object.clone()
1	java.lang.Object.hashCode()
1	java.lang.Object.toString()
1	java.lang.String.lastIndexOf()
1	java.lang.String.startsWith()
1	java.lang.System.getProperties()
1	java.lang.System.getProperty()
1	java.lang.System.loadLibrary()
1	java.lang.Thread.<init>()
1	java.lang.Thread.getName()
1	java.lang.Thread.getThreadGroup()
1	java.lang.Thread.setDaemon()
1	java.lang.Thread.start()
1	java.lang.ThreadGroup.<init>()
1	java.lang.ThreadGroup.setDaemon()
1	java.lang.Throwable.printStackTrace()
1	java.nio.ByteBuffer.allocateDirect()
1	java.nio.ByteBuffer.capacity()
1	java.nio.ByteBuffer.flip()
1	java.nio.ByteBuffer.position()
1	java.nio.CharBuffer.allocate()
1	java.nio.CharBuffer.flip()
1	java.nio.CharBuffer.put()
1	java.nio.CharBuffer.rewind()
1	java.nio.charset.Charset.forName()
1	java.nio.charset.CharsetEncoder.averageBytesPerChar()
1	java.nio.charset.CoderResult.isOverflow()
1	java.util.Enumeration.hasMoreElements()
1	java.util.Enumeration.nextElement()
1	java.util.HashMap.<init>()
1	java.util.Iterator.hasNext()
1	java.util.Iterator.next()
1	java.util.List.add()
1	java.util.Map.get()
1	java.util.Map.put()
1	java.util.Properties.getProperty()
1	java.util.Properties.propertyNames()
1	org.apache.commons.logging.Log.error()
2	fuse.Filesystem3ToFuseFSAdapter.<init>()
2	fuse.FuseContext.<init>()
2	fuse.XattrSupport.listxattr()
2	fuse.compat.Filesystem1.chmod()
2	fuse.compat.Filesystem1.chown()
2	fuse.compat.Filesystem1.getattr()
2	fuse.compat.Filesystem1.getdir()
2	fuse.compat.Filesystem1.link()
2	fuse.compat.Filesystem1.mkdir()
2	fuse.compat.Filesystem1.mknod()
2	fuse.compat.Filesystem1.open()
2	fuse.compat.Filesystem1.read()
2	fuse.compat.Filesystem1.readlink()
2	fuse.compat.Filesystem1.release()
2	fuse.compat.Filesystem1.rename()
2	fuse.compat.Filesystem1.rmdir()
2	fuse.compat.Filesystem1.statfs()
2	fuse.compat.Filesystem1.symlink()
2	fuse.compat.Filesystem1.truncate()
2	fuse.compat.Filesystem1.unlink()
2	fuse.compat.Filesystem1.utime()
2	fuse.compat.Filesystem1.write()
2	fuse.compat.Filesystem1ToFilesystem2Adapter.<init>()
2	fuse.compat.Filesystem2.chmod()
2	fuse.compat.Filesystem2.chown()
2	fuse.compat.Filesystem2.flush()
2	fuse.compat.Filesystem2.fsync()
2	fuse.compat.Filesystem2.getattr()
2	fuse.compat.Filesystem2.getdir()
2	fuse.compat.Filesystem2.link()
2	fuse.compat.Filesystem2.mkdir()
2	fuse.compat.Filesystem2.mknod()
2	fuse.compat.Filesystem2.open()
2	fuse.compat.Filesystem2.read()
2	fuse.compat.Filesystem2.readlink()
2	fuse.compat.Filesystem2.release()
2	fuse.compat.Filesystem2.rename()
2	fuse.compat.Filesystem2.rmdir()
2	fuse.compat.Filesystem2.statfs()
2	fuse.compat.Filesystem2.symlink()
2	fuse.compat.Filesystem2.truncate()
2	fuse.compat.Filesystem2.unlink()
2	fuse.compat.Filesystem2.utime()
2	fuse.compat.Filesystem2.write()
2	fuse.compat.Filesystem2ToFilesystem3Adapter.<init>()
2	fuse.logging.FuseLog.access$100()
2	java.lang.RuntimeException.<init>()
2	java.lang.String.equals()
2	java.lang.String.substring()
2	java.lang.Thread.currentThread()
2	java.lang.Thread.isDaemon()
2	java.lang.ThreadGroup.activeCount()
2	java.lang.ThreadGroup.enumerate()
2	java.lang.ThreadGroup.getName()
2	java.nio.ByteBuffer.get()
2	java.nio.ByteBuffer.put()
2	java.nio.ByteBuffer.remaining()
2	java.nio.ByteBuffer.wrap()
2	java.nio.CharBuffer.wrap()
2	java.nio.charset.Charset.encode()
2	java.nio.charset.CharsetEncoder.encode()
2	java.nio.charset.CharsetEncoder.onMalformedInput()
2	java.nio.charset.CharsetEncoder.onUnmappableCharacter()
2	java.util.ArrayList.<init>()
2	java.util.Date.<init>()
2	org.apache.commons.logging.Log.info()
3	fuse.Filesystem3ToFuseFSAdapter.access$000()
3	java.lang.Object.getClass()
3	java.lang.String.length()
3	java.nio.charset.Charset.newEncoder()
3	org.apache.commons.logging.LogFactory.getLog()
4	fuse.FuseFtype.<init>()
4	fuse.FuseFtype.appendAttributes()
4	java.lang.Integer.toOctalString()
5	java.lang.Long.longValue()
6	fuse.logging.FuseLog._log()
7	fuse.logging.FuseLog$Levels.getLevelValue()
8	fuse.util.Struct.<init>()
9	fuse.util.Struct.appendAttributes()
12	java.lang.Object.<init>()
27	java.nio.CharBuffer.toString()
29	fuse.Filesystem3ToFuseFSAdapter.handleException()
29	java.nio.charset.Charset.decode()
30	fuse.Filesystem3ToFuseFSAdapter.handleErrno()
33	java.lang.StringBuilder.<init>()
33	java.lang.StringBuilder.toString()
33	org.apache.commons.logging.Log.debug()
33	org.apache.commons.logging.Log.isDebugEnabled()
45	java.lang.StringBuilder.append()
