source,target
"com.itsoninc.saas.services.partner.cycleevent.process.cycle.AccountCycleEventServiceImpl.cycleFeeCycles()","FeeService.syncGetAllRecurringFees()"
"com.itsoninc.saas.services.partner.cycleevent.process.cycle.AccountCycleEventServiceImpl.cycleFeeCycles()","PlanModel.PlanOffer.hasMaxBillingCycles()"
"com.itsoninc.saas.services.partner.cycleevent.process.cycle.AccountCycleEventServiceImpl.cycleFeeCycles()","AccountCycleEventServiceImpl.updateSucceeded()"
"com.itsoninc.saas.services.partner.plancycle.job.SubscriptionInvoiceServiceJob.asyncExecute()","PlanCycleService.invoiceAccountSubscriptions()"
"com.itsoninc.saas.services.partner.plancycle.job.SubscriptionCycleServiceJob.asyncExecute()","PlanCycleService.cycleAccountSubscriptions()"
"com.itsoninc.saas.services.partner.plancycle.job.AccountCycleInvoiceServiceJob.asyncExecute()","PlanCycleService.invoiceAccountCycle()"
"com.itsoninc.saas.services.partner.cycleevent.process.CycleEventBase.doExpirePlanSubscription()","SubscriptionModel.SubscriptionChangeEvent.SubscriptionChangeReason.name()"
"com.itsoninc.saas.services.partner.cycleevent.process.CycleEventBase.doExpirePlanSubscription()","PlanSubscriptionUtil.addSubscriptionEvent()"
"com.itsoninc.saas.services.partner.plancycle.errorhandler.ServiceErrorHandlerRequestListener.onDequeue()","ServiceErrorModel.ServiceErrorHandlerRequest.hasPartnerId()"
"com.itsoninc.saas.services.partner.plancycle.errorhandler.ServiceErrorHandlerRequestListener.onDequeue()","ServiceErrorModel.ServiceErrorHandlerRequest.hasRequestId()"
"com.itsoninc.saas.services.partner.plancycle.errorhandler.ServiceErrorHandlerRequestListener.onDequeue()","ServiceErrorModel.ServiceErrorHandlerRequest.hasLogLevelType()"
"com.itsoninc.saas.services.partner.plancycle.errorhandler.ServiceErrorHandlerRequestListener.onDequeue()","ServiceErrorModel.ServiceErrorHandlerRequest.hasType()"
"com.itsoninc.saas.services.partner.plancycle.errorhandler.ServiceErrorHandlerRequestListener.onDequeue()","QueueJobResult.incrementFailedCount()"
"com.itsoninc.saas.services.partner.plancycle.errorhandler.ServiceErrorHandlerRequestListener.onDequeue()","ServiceErrorRequestHandler.handleServiceErrorRequest()"
"com.itsoninc.saas.services.partner.cycleevent.util.CycleEventSubscriptionUtil.isDueProcessing()","SubscriptionModel.PlanSubscription.hasPlanPurchase()"
"com.itsoninc.saas.services.partner.cycleevent.util.CycleEventSubscriptionUtil.isDueProcessing()","SubscriptionModel.PlanPurchase.hasUserRenew()"
"com.itsoninc.saas.services.partner.cycleevent.util.CycleEventSubscriptionUtil.isDueProcessing()","PlanModel.PlanOffer.hasIsRenewable()"
"com.itsoninc.saas.services.partner.plancycle.externalevent.WalletTransactionEventServiceImpl.processTxFailedEvent()","ServiceUtil.createEmptyFutureResponse()"
"com.itsoninc.saas.services.partner.plancycle.job.PlanExpirationEventServiceJob.asyncExecute()","IOPBaseService.findFreeTimeSlot()"
"com.itsoninc.saas.services.partner.plancycle.job.PlanExpirationEventServiceJob.asyncExecute()","PlanExpirationEventService.processIopJobRecord()"
"SuspendedAccountNotifyEvent.doNotifySuspendedAccountAction()","PartnerModel.Policy.hasNotifyIntervalInDays()"
"SuspendedAccountNotifyEvent.doNotifySuspendedAccountAction()","JobUtil.diffInDays()"
"SuspendedAccountNotifyEvent.doNotifySuspendedAccountAction()","NotificationVariableSubstitutionService.MergeVariableName.name()"
"SuspendedAccountNotifyEvent.doNotifySuspendedAccountAction()","SubscriberModel.SuspensionRecord.hasReason()"
"SuspendedAccountNotifyEvent.doNotifySuspendedAccountAction()","SubscriberModel.SuspensionReasonType.name()"
"SuspendedAccountNotifyEvent.doNotifySuspendedAccountAction()","SuspendedAccountNotifyEvent.createNotificationMessage()"
"SuspendedAccountNotifyEvent.doNotifySuspendedAccountAction()","SuspendedAccountNotifyEvent.sendNotification()"
"SuspendedAccountNotifyEvent.doNotifyTerminateAction()","PartnerModel.Policy.hasMaxSuspendedInDays()"
"SuspendedAccountNotifyEvent.doNotifyTerminateAction()","JobUtil.diffInDays()"
"SuspendedAccountNotifyEvent.doNotifyTerminateAction()","AccountActionService.terminateAccount()"
"JobUtil.acquireLock()","RemoteCacheClient.add()"
"com.itsoninc.saas.services.partner.plancycle.externalevent.ProvisionCompleteEventServiceImpl.completeEnrollment()","ProvisionCompleteEventServiceImpl.createNetworkProvisionRequest()"
"com.itsoninc.saas.services.partner.plancycle.externalevent.ProvisionCompleteEventServiceImpl.completeEnrollment()","ProvisionService.provision()"
"com.itsoninc.saas.services.partner.plancycle.accountaction.AccountActionServiceImpl.terminateAccountForInactiveSubscription()","AccountActionServiceImpl.findPlanSubscriptionsForAccount()"
"AccountActionServiceImpl.findPlanSubscriptionsForAccount()","PartnerModel.SearchRequest.PlanSubscriptionSortFieldType.Enum.name()"
"SuspendedSnidNotifyEvent.doNotifySuspendedSubscriberAction()","PartnerModel.Policy.hasNotifyIntervalInDays()"
"SuspendedSnidNotifyEvent.doNotifySuspendedSubscriberAction()","SubscriberModel.SubscriberNetworkId.hasAccountId()"
"com.itsoninc.saas.services.partner.cycleevent.util.CycleEventSubscriptionUtil.isAccountOrSubsciptionInactive()","CycleEventSubscriptionUtil.isActiveAccount()"
"com.itsoninc.saas.services.partner.cycleevent.util.CycleEventSubscriptionUtil.isAccountOrSubsciptionInactive()","CycleEventSubscriptionUtil.isActiveSubscription()"
"com.itsoninc.saas.services.partner.plancycle.accountaction.AccountActionServiceImpl.evaluateSubscriberChurn()","DateTimeUtils.currentTimeMillis()"
"com.itsoninc.saas.services.partner.plancycle.accountaction.AccountActionServiceImpl.evaluateSubscriberChurn()","SubscriberModel.SubscriberNetworkId.hasProvisionTimestamp()"
"com.itsoninc.saas.services.partner.plancycle.accountaction.AccountActionServiceImpl.evaluateSubscriberChurn()","SubscriberModel.ProvisioningState.equals()"
"com.itsoninc.saas.services.partner.plancycle.accountaction.AccountActionServiceImpl.evaluateSubscriberChurn()","SubscriberModel.SubscriberNetworkId.hasAccountId()"
"com.itsoninc.saas.services.partner.plancycle.accountaction.AccountActionServiceImpl.evaluateSubscriberChurn()","SubscriberNetworkIdService.findByAccountId()"
"com.itsoninc.saas.services.partner.cycleevent.process.invoice.InvoiceCycleEventServiceImpl.processInvoiceEvent()","InvoiceCycleEventServiceImpl.sendCycleEventInvoiceToOp()"
"com.itsoninc.saas.services.partner.plancycle.accountaction.AccountActionServiceImpl.detach()","SubscriberNetworkIdService.findByAccountId()"
"SuspendedDeviceNotifyEvent.doNotifySuspendedDeviceAction()","PartnerModel.Policy.hasNotifyIntervalInDays()"
"SuspendedDeviceNotifyEvent.doNotifySuspendedDeviceAction()","JobUtil.diffInDays()"
"SuspendedDeviceNotifyEvent.doNotifySuspendedDeviceAction()","DeviceModel.Device.hasSubscriberNetworkId()"
"com.itsoninc.saas.services.partner.plancycle.job.ChargeHistoryInvoiceJob.asyncExecute()","IOPBaseService.findFreeTimeSlot()"
"com.itsoninc.saas.services.partner.plancycle.job.ChargeHistoryInvoiceJob.asyncExecute()","IOPBaseService.findRetryTimeSlot()"
"com.itsoninc.saas.services.partner.plancycle.job.ChargeHistoryInvoiceJob.asyncExecute()","ChargeHistoryInvoiceService.processIopJobRecord()"
"com.itsoninc.saas.services.partner.plancycle.job.ChargeHistoryInvoiceJob.asyncExecute()","ChargeHistoryInvoiceJob.processResponseSaveIOPRecordState()"
"com.itsoninc.saas.services.partner.plancycle.externalevent.PortOutServiceImpl.deprovision()","ProvisionService.deprovision()"
"com.itsoninc.saas.services.partner.plancycle.notification.event.CheckAnalysisOutputEventHandler.readResults()","AnalyticsModel.NotificationJobProtoIndex.hasCustomerData()"
"com.itsoninc.saas.services.partner.plancycle.notification.event.CheckAnalysisOutputEventHandler.readResults()","SubscriberNetworkIdService.findByAccountId()"
"com.itsoninc.saas.services.partner.plancycle.PlanCycleServiceImpl.selectAccountCycles()","PlanCycleServiceImpl.lock()"
"PlanCycleServiceImpl.lock()","RemoteCacheClient.add()"
"com.itsoninc.saas.services.partner.plancycle.externalevent.PortOutServiceImpl.callOperatorToTerminate()","ServiceUtil.asString()"
"com.itsoninc.saas.services.partner.plancycle.job.AccountActionServiceJob.asyncExecute()","AccountActionHandler.asyncExecute()"
"AccountActionHandler.asyncExecute()","AbstractAccountActionHandler.asyncExecute()"
"com.itsoninc.saas.services.partner.plancycle.job.SubscriberDeviceServiceJob.execute()","SubscriberDeviceServiceJob.asyncExecute()"
"SubscriberDeviceServiceJob.asyncExecute()","SubscriberDeviceServiceJob.init()"
"SubscriberDeviceServiceJob.asyncExecute()","SubscriberDeviceServiceJob.checkForTimeouts()"
"SubscriberDeviceServiceJob.checkForTimeouts()","DeviceSwapService.findPendingTimedOut()"
"com.itsoninc.saas.services.partner.plancycle.job.DeviceSwapServiceJob.execute()","DeviceSwapServiceJob.asyncExecute()"
"DeviceSwapServiceJob.asyncExecute()","DeviceSwapServiceJob.init()"
"DeviceSwapServiceJob.asyncExecute()","DeviceSwapServiceJob.checkNewEvents()"
"DeviceSwapServiceJob.checkNewEvents()","DistributedQueue.dequeue()"
"AccountActionQueueListener.access.000()","AccountActionQueueListener.isFatalError()"
"AccountActionQueueListener.isFatalError()","AccountTerminationAction.AccountTerminationActionError.isFatal()"
"DeviceSwapServiceJob.access.000()","DeviceSwapServiceJob.checkNewEvents()"
"DeviceSwapServiceJob.checkNewEvents()","DistributedQueue.dequeue()"
"com.itsoninc.saas.services.partner.cycleevent.process.CycleEventBase.dropSubscription()","PlanPurchaseService.stop()"
"AccountActionQueueListener.access.100()","AccountActionQueueListener.isUmsRequest()"
"AccountActionQueueListener.isUmsRequest()","PlanCycleModel.AccountJobActionRequest.hasAccountJobActionSource()"
"AccountActionQueueListener.access.200()","AccountActionQueueListener.accountTerminationError()"
"AccountActionQueueListener.access.300()","AccountActionQueueListener.postUmsTermination()"
"AccountActionQueueListener.postUmsTermination()","AccountActionService.terminateAccountInAdapter()"
"AccountActionQueueListener.access.400()","AccountActionQueueListener.preUmsTermination()"
"AccountActionQueueListener.preUmsTermination()","AccountActionService.preTerminateAccountInAdapter()"
"CycleEventProcessorImpl.processPlanCycleEvent()","CycleEventProcessorImpl.removeCompletedPlanCycleItems()"
"CycleEventProcessorImpl.processPlanCycleEvent()","CycleEventProcessorImpl.invoiceAndCycle()"
"CycleEventProcessorImpl.processPlanCycleEvent()","CycleEventProcessorImpl.toCycleEventBatchResponse()"
"AccountActionQueueListener.access.000()","AccountActionQueueListener.isFatalError()"
"AccountActionQueueListener.isFatalError()","AccountTerminationAction.AccountTerminationActionError.isFatal()"
"PolicyTerminateAccountActionHandler.access.400()","PolicyTerminateAccountActionHandler.terminateAccountsByPolicy()"
"PolicyTerminateAccountActionHandler.terminateAccountsByPolicy()","AccountActionService.findAccountActionPolicies()"
"PolicyTerminateAccountActionHandler.terminateAccountsByPolicy()","AccountActionService.applyAccountTerminatePolicy()"
"PolicyTerminateAccountActionHandler.access.000()","PolicyTerminateAccountActionHandler.terminateAccountsByPolicy()"
"PolicyTerminateAccountActionHandler.terminateAccountsByPolicy()","AccountActionService.findAccountActionPolicies()"
"PolicyTerminateAccountActionHandler.terminateAccountsByPolicy()","AccountActionService.applyAccountTerminatePolicy()"
"CycleEventServiceJob.syncSaveJobRecordState()","IOPBaseService.syncSaveJobRecordState()"
"DeviceSwapServiceJob.access.100()","DeviceSwapServiceJob.processEvent()"
"SubscriberDeviceServiceJob.access.800()","SubscriberDeviceServiceJob.releaseLock()"
"SubscriberDeviceServiceJob.releaseLock()","RemoteCacheClient.remove()"
"AccountActionServiceImpl.access.000()","AccountActionServiceImpl.terminateAccountForSuspension()"
"AccountActionServiceImpl.terminateAccountForSuspension()","MetaData.SortOrderType.name()"
"AccountActionServiceImpl.terminateAccountForSuspension()","SuspensionRecordService.findByEntityId()"
"AdapterCallServiceJob.access.400()","AdapterCallServiceJob.releaseLock()"
"AdapterCallServiceJob.releaseLock()","RemoteCacheClient.remove()"
"com.itsoninc.saas.services.partner.plancycle.job.TimeBasedTagNotificationServiceJob.asyncExecute()","IOPBaseService.findFreeTimeSlot()"
"com.itsoninc.saas.services.partner.plancycle.job.TimeBasedTagNotificationServiceJob.asyncExecute()","IOPBaseService.findRetryTimeSlot()"
"com.itsoninc.saas.services.partner.plancycle.job.TimeBasedTagNotificationServiceJob.asyncExecute()","TimeBasedTagNotificationServiceJob.processTimeBasedTagNotificationEventProtoIndexRecords()"
"TimeBasedTagNotificationServiceJob.processTimeBasedTagNotificationEventProtoIndexRecords()","TaggingNotificationEventHandler.evaluate()"
"AccountActionQueueJob.access.000()","AccountActionQueueJob.asyncExecute()"
"AccountActionQueueJob.asyncExecute()","DistributedQueue.dequeue()"
"AccountActionQueueListener.access.000()","AccountActionQueueListener.isFatalError()"
"AccountActionQueueListener.isFatalError()","AccountTerminationAction.AccountTerminationActionError.isFatal()"
"PlanCycleServiceImpl.access.500()","PlanCycleServiceImpl.findSubscriptionCycles()"
"PlanCycleServiceImpl.findSubscriptionCycles()","Pagination.create()"
"PlanCycleServiceImpl.access.800()","PlanCycleServiceImpl.controlAccountSubscriptionsSpillOver()"
"PlanCycleServiceImpl.alignAllSubscriptionCylesForAccountInSameBatch()","PlanCycleServiceImpl.findSubscriptionCycles()"
"PlanCycleServiceImpl.access.1300()","PlanCycleServiceImpl.unlock()"
"PlanCycleServiceImpl.unlock()","RemoteCacheClient.remove()"
"AccountActionServiceImpl.access.1900()","AccountActionServiceImpl.callAdapter()"
"AutoProvisionServiceJob.access.300()","AutoProvisionServiceJob.provision()"
"AutoProvisionServiceJob.provision()","ProvisionService.provision()"
"AccountActionQueueListener.access.500()","AccountActionQueueListener.handlePostTerminateFuture()"
"AbstractAccountActionHandler.releaseLock()","JobUtil.releaseLock()"
"JobUtil.releaseLock()","RemoteCacheClient.remove()"
"CycleEventServiceJob.access.000()","CycleEventServiceJob.syncSaveJobRecordState()"
"CycleEventServiceJob.syncSaveJobRecordState()","IOPBaseService.syncSaveJobRecordState()"
"CycleEventBatchResponse.countResult()","CycleEventStatusCode.equals()"
"CycleEventBatchResponse.countResult()","CycleEventStatusCode.statusCode()"
"TemmPortoutQueueJob.access.100()","TemmPortoutQueueJob.asyncExecute()"
"TemmPortoutQueueJob.asyncExecute()","DistributedQueue.dequeue()"
"AdapterCallServiceJob.access.200()","AdapterCallServiceJob.acquireLock()"
"AdapterCallServiceJob.acquireLock()","RemoteCacheClient.add()"
"AccountActionQueueListener.access.000()","AccountActionQueueListener.isFatalError()"
"AccountActionQueueListener.isFatalError()","AccountTerminationAction.AccountTerminationActionError.isFatal()"
"com.itsoninc.saas.services.partner.cycleevent.process.CycleEventBase.doRolloverSubscriptions()","SubscriptionModel.PlanSubscription.hasHasDelayedPurchase()"
"com.itsoninc.saas.services.partner.cycleevent.process.CycleEventBase.doRolloverSubscriptions()","CycleEventSubscriptionUtil.createSubscription()"
"com.itsoninc.saas.services.partner.cycleevent.process.CycleEventBase.doRolloverSubscriptions()","CycleEventBase.addSubscriptionEvent()"
"CycleEventBase.addSubscriptionEvent()","PlanSubscriptionUtil.addSubscriptionEvent()"
"com.itsoninc.saas.services.partner.cycleevent.process.CycleEventBase.doRolloverSubscriptions()","CycleEventBase.updateAndSaveSubscription()"
"AccountActionQueueListener.handleResponse()","AccountTerminationAction.AccountTerminationActionError.isFatal()"
"AccountActionQueueListener.handleResponse()","AccountTerminationAction.AccountTerminationActionError.Cause.name()"
"AccountActionQueueListener.handleResponse()","AccountActionQueueListener.updateAccount()"
"AccountActionQueueListener.updateAccount()","AccountService.updateAccount()"
"AutoProvisionServiceJob.access.000()","AutoProvisionServiceJob.checkNewEvents()"
"AutoProvisionServiceJob.checkNewEvents()","DistributedQueue.dequeue()"
"AdapterCallServiceJob.access.500()","AdapterCallServiceJob.releaseLock()"
"AdapterCallServiceJob.releaseLock()","RemoteCacheClient.remove()"
"com.itsoninc.saas.services.partner.plancycle.job.AutoProvisionServiceJob.execute()","AutoProvisionServiceJob.asyncExecute()"
"AutoProvisionServiceJob.asyncExecute()","AutoProvisionServiceJob.init()"
"AutoProvisionServiceJob.asyncExecute()","AutoProvisionServiceJob.checkNewEvents()"
"AutoProvisionServiceJob.checkNewEvents()","DistributedQueue.dequeue()"
"com.itsoninc.saas.services.partner.plancycle.job.TimeBasedNotificationServiceJob.asyncExecute()","IOPBaseService.findFreeTimeSlot()"
"com.itsoninc.saas.services.partner.plancycle.job.TimeBasedNotificationServiceJob.asyncExecute()","IOPBaseService.findRetryTimeSlot()"
"com.itsoninc.saas.services.partner.plancycle.job.TimeBasedNotificationServiceJob.asyncExecute()","TimeBasedNotificationServiceJob.processTimeBasedNotificationEventProtoIndexRecords()"
"TimeBasedNotificationServiceJob.processTimeBasedNotificationEventProtoIndexRecords()","NotificationEventHandler.evaluate()"
"PlanExpirationNotifyEvent.access.300()","PlanExpirationNotifyEvent.constructNotifyMessage()"
"AccountActionServiceImpl.access.1800()","AccountActionServiceImpl.isDeviceActive()"
"AccountActionServiceImpl.isDeviceActive()","DeviceModel.Device.hasStatus()"
"com.itsoninc.saas.services.partner.cycleevent.process.CycleEventProcessServiceImpl.processCycleEvent()","CycleEventProcessServiceImpl.processSubscriptionCycle()"
"CycleEventProcessServiceImpl.processSubscriptionCycle()","SubscriptionCycleEventService.preProcess()"
"CycleEventProcessServiceImpl.processSubscriptionCycle()","SubscriptionCycleEventService.process()"
"CycleEventProcessServiceImpl.processSubscriptionCycle()","CycleEventProcessServiceImpl.transformFutureAndScheduleInvoice()"
"com.itsoninc.saas.services.partner.cycleevent.process.CycleEventProcessServiceImpl.processCycleEvent()","CycleEventProcessServiceImpl.processAccountCycle()"
"CycleEventProcessServiceImpl.processAccountCycle()","AccountCycleEventService.preProcess()"
"CycleEventProcessServiceImpl.processAccountCycle()","AccountCycleEventService.process()"
"com.itsoninc.saas.services.partner.cycleevent.process.CycleEventProcessServiceImpl.processCycleEvent()","CycleEventProcessServiceImpl.processSubscriptionInvoice()"
"CycleEventProcessServiceImpl.processSubscriptionInvoice()","InvoiceCycleEventService.preProcess()"
"CycleEventProcessServiceImpl.processSubscriptionInvoice()","InvoiceCycleEventService.process()"
"CycleEventProcessServiceImpl.processSubscriptionInvoice()","CycleEventProcessServiceImpl.processInvoiceResult()"
"com.itsoninc.saas.services.partner.cycleevent.process.CycleEventProcessServiceImpl.processCycleEvent()","CycleEventProcessServiceImpl.processAccountInvoice()"
"CycleEventProcessServiceImpl.processAccountInvoice()","InvoiceCycleEventService.preProcess()"
"CycleEventProcessServiceImpl.processAccountInvoice()","InvoiceCycleEventService.processAccountInvoice()"
"CycleEventProcessServiceImpl.processAccountInvoice()","CycleEventProcessServiceImpl.processInvoiceResult()"
"com.itsoninc.saas.services.partner.cycleevent.process.CycleEventProcessServiceImpl.processCycleEvent()","CycleEventModel.CycleEventType.name()"
"PlanPurchaseQueueJob.access.100()","PlanPurchaseQueueJob.asyncExecute()"
"PlanPurchaseQueueJob.asyncExecute()","DistributedQueue.dequeue()"
"SubscriberDeviceServiceJob.access.400()","SubscriberDeviceServiceJob.releaseLock()"
"SubscriberDeviceServiceJob.releaseLock()","RemoteCacheClient.remove()"
"AccountActionQueueListener.access.000()","AccountActionQueueListener.isFatalError()"
"AccountActionQueueListener.isFatalError()","AccountTerminationAction.AccountTerminationActionError.isFatal()"
"ExternalTopupEventQueueJob.access.400()","ExternalTopupEventQueueJob.createErrorResponse()"
"com.itsoninc.saas.services.partner.plancycle.accountaction.event.PlanExpirationNotifyEvent.processEventProto()","PlanExpirationNotifyEvent.eligbleForSubscriptionExpiredEvent()"
"AccountManagementEventServiceJob.access.000()","AccountManagementEventServiceJob.executeWithFallback()"
"ChargeHistoryInvoiceJob.access.000()","ChargeHistoryInvoiceJob.processResponseSaveIOPRecordState()"
"PlanCycleServiceImpl.access.1300()","PlanCycleServiceImpl.unlock()"
"PlanCycleServiceImpl.unlock()","RemoteCacheClient.remove()"
"FulfillmentErrorQueueJob.access.000()","FulfillmentErrorQueueJob.asyncExecute()"
"FulfillmentErrorQueueJob.asyncExecute()","DistributedQueue.dequeue()"
"CycleEventProcessorImpl.access.1100()","CycleEventProcessorImpl.syncUpdatePlanSubscription()"
"CycleEventProcessorImpl.access.1400()","CycleEventProcessorImpl.toSubscriptionIds()"
"PlanCycleServiceImpl.rollSubscriptionCycles()","PlanCycleServiceImpl.isActiveAccount()"
"PlanCycleServiceImpl.rollSubscriptionCycles()","PlanCycleServiceImpl.isActiveSubscription()"
"PlanCycleServiceImpl.rollSubscriptionCycles()","PlanCycleServiceImpl.dropSubscription()"
"PlanCycleServiceImpl.dropSubscription()","PlanPurchaseService.stop()"
"PlanCycleServiceImpl.rollSubscriptionCycles()","PlanModel.PlanOffer.hasIsRenewable()"
"PlanCycleServiceImpl.rollSubscriptionCycles()","SubscriptionModel.PlanSubscription.hasPlanPurchase()"
"PlanCycleServiceImpl.rollSubscriptionCycles()","SubscriptionModel.PlanPurchase.hasUserRenew()"
"PlanCycleServiceImpl.rollSubscriptionCycles()","SubscriptionModel.SubscriptionChangeEvent.SubscriptionChangeReason.name()"
"PlanCycleServiceImpl.rollSubscriptionCycles()","PlanSubscriptionUtil.addSubscriptionEvent()"
"PlanCycleServiceImpl.rollSubscriptionCycles()","SubscriptionModel.PlanSubscription.hasHasDelayedPurchase()"
"PlanCycleServiceImpl.rollSubscriptionCycles()","CycleEventSchedulerService.schedule()"
"PlanCycleServiceImpl.rollSubscriptionCycles()","PlanCycleModel.SubscriptionCycle.hasUtcInvoiceScheduledTime()"
"PlanCycleServiceImpl.rollSubscriptionCycles()","PlanCycleServiceImpl.enqueueUmsForRolledPlans()"
"PlanCycleServiceImpl.enqueueUmsForRolledPlans()","SubscriptionModel.PlanSubscriptionAllowance.hasNewAllowancePercentage()"
"PlanCycleServiceImpl.enqueueUmsForRolledPlans()","PlanCycleServiceImpl.syncDeleteAllowance()"
"PlanCycleServiceImpl.syncDeleteAllowance()","TransactionContext.commit()"
"PlanCycleServiceImpl.syncDeleteAllowance()","TransactionContext.close()"
"PlanCycleServiceImpl.enqueueUmsForRolledPlans()","SubscriptionModel.PlanSubscriptionAllowance.hasSuspendedAllowance()"
"PlanCycleServiceImpl.enqueueUmsForRolledPlans()","SubscriptionModel.PlanSubscriptionAllowance.hasAllowancePercentage()"
"PlanCycleServiceImpl.enqueueUmsForRolledPlans()","PlanCycleServiceImpl.syncUpdateAllowance()"
"PlanCycleServiceImpl.enqueueUmsForRolledPlans()","PlanCycleServiceImpl.dropSubscriptionsZeroAllowance()"
"PlanCycleServiceImpl.dropSubscriptionsZeroAllowance()","PlanCycleServiceImpl.dropSubscription()"
"PlanCycleServiceImpl.enqueueUmsForRolledPlans()","UsageManagementService.enqueuePlanCycleItem()"
"PlanCycleServiceImpl.rollSubscriptionCycles()","PlanCycleServiceImpl.enqueueUmsForExpiredPlans()"
"PlanCycleServiceImpl.enqueueUmsForExpiredPlans()","PlanSubscriptionUtil.updateSubsTerminationReason()"
"PlanCycleServiceImpl.enqueueUmsForExpiredPlans()","UsageManagementService.enqueue()"
"PlanCycleServiceImpl.rollSubscriptionCycles()","PlanCycleServiceImpl.addPlanExpirationEvent()"
"PlanCycleServiceImpl.addPlanExpirationEvent()","PlanSubscriptionNotifyEventService.addPlanExpirationEvent()"
"PlanCycleServiceImpl.rollSubscriptionCycles()","PlanCycleServiceImpl.transformDelayedPurchase()"
"PlanCycleServiceImpl.transformDelayedPurchase()","PlanPurchaseService.exchangeDelayedSubscriptions()"
"PlanCycleServiceImpl.rollSubscriptionCycles()","PlanCycleServiceImpl.transformAndHandleDelayedPurchase()"
"CycleEventProcessorImpl.processPlanCycleEventList()","CycleEventProcessorImpl.processPlanCycleEvent()"
"CycleEventProcessorImpl.processPlanCycleEvent()","CycleEventProcessorImpl.removeCompletedPlanCycleItems()"
"CycleEventProcessorImpl.processPlanCycleEvent()","CycleEventProcessorImpl.invoiceAndCycle()"
"CycleEventProcessorImpl.processPlanCycleEvent()","CycleEventProcessorImpl.toCycleEventBatchResponse()"
"AccountActionServiceImpl.terminateAccount()","AccountActionServiceImpl.sendTerminateAccountRequest()"
"com.itsoninc.saas.services.partner.cycleevent.CycleEventProcessorImpl.processPlanCycleEventListList()","CycleEventProcessorImpl.processPlanCycleEventList()"
"CycleEventProcessorImpl.processPlanCycleEventList()","CycleEventProcessorImpl.processPlanCycleEvent()"
"CycleEventProcessorImpl.processPlanCycleEvent()","CycleEventProcessorImpl.removeCompletedPlanCycleItems()"
"CycleEventProcessorImpl.processPlanCycleEvent()","CycleEventProcessorImpl.invoiceAndCycle()"
"CycleEventProcessorImpl.processPlanCycleEvent()","CycleEventProcessorImpl.toCycleEventBatchResponse()"
"com.itsoninc.saas.services.partner.cycleevent.process.CycleEventBase.postSubscriptionCycleProcess()","CycleEventBase.enqueueUmsForRolledPlans()"
"CycleEventBase.enqueueUmsForRolledPlans()","SubscriptionModel.PlanSubscriptionAllowance.hasNewAllowancePercentage()"
"CycleEventBase.enqueueUmsForRolledPlans()","CycleEventBase.syncDeleteAllowance()"
"CycleEventBase.syncDeleteAllowance()","TransactionContext.commit()"
"CycleEventBase.syncDeleteAllowance()","TransactionContext.close()"
"CycleEventBase.enqueueUmsForRolledPlans()","SubscriptionModel.PlanSubscriptionAllowance.hasSuspendedAllowance()"
"CycleEventBase.enqueueUmsForRolledPlans()","SubscriptionModel.PlanSubscriptionAllowance.hasAllowancePercentage()"
"CycleEventBase.enqueueUmsForRolledPlans()","CycleEventBase.syncUpdateAllowance()"
"CycleEventBase.enqueueUmsForRolledPlans()","CycleEventBase.dropSubscriptionsZeroAllowance()"
"CycleEventBase.dropSubscriptionsZeroAllowance()","SubscriptionModel.SubscriptionChangeEvent.SubscriptionDroppedReason.name()"
"CycleEventBase.dropSubscriptionsZeroAllowance()","CycleEventBase.dropSubscriptionOrFee()"
"CycleEventBase.dropSubscriptionOrFee()","PlanPurchaseService.stop()"
"CycleEventBase.dropSubscriptionOrFee()","InvoiceCycleEventServiceImpl.dropSubscriptionOrFee()"
"CycleEventBase.enqueueUmsForRolledPlans()","UsageManagementService.enqueuePlanCycleItem()"
"com.itsoninc.saas.services.partner.cycleevent.process.CycleEventBase.postSubscriptionCycleProcess()","PlanSubscriptionUtil.updateSubsTerminationReason()"
"com.itsoninc.saas.services.partner.cycleevent.process.CycleEventBase.postSubscriptionCycleProcess()","UsageManagementService.enqueue()"
"com.itsoninc.saas.services.partner.cycleevent.process.CycleEventBase.postSubscriptionCycleProcess()","CycleEventBase.addPlanExpirationEvent()"
"CycleEventBase.addPlanExpirationEvent()","PlanSubscriptionNotifyEventService.addPlanExpirationEvent()"
"com.itsoninc.saas.services.partner.cycleevent.process.CycleEventBase.postSubscriptionCycleProcess()","CycleEventBase.exchangeDelayedSubscriptions()"
"CycleEventBase.exchangeDelayedSubscriptions()","PlanPurchaseService.exchangeDelayedSubscriptions()"
"PlanCycleServiceImpl.access.1800()","PlanCycleServiceImpl.transformDelayedPurchase()"
"PlanCycleServiceImpl.transformDelayedPurchase()","PlanPurchaseService.exchangeDelayedSubscriptions()"
"AccountActionServiceImpl.access.600()","AccountActionServiceImpl.clearAllowancesForSubscribers()"
"AccountActionServiceImpl.clearAllowancesForSubscribers()","PlanSubscriptionService.clearAllowancesForAllSubscribers()"
"AccountActionServiceImpl.access.700()","AccountActionServiceImpl.notifySubscribersWithoutSubscriptions()"
"AccountActionServiceImpl.access.800()","AccountActionServiceImpl.updateStatusForSubscriptions()"
"AccountActionServiceImpl.updateStatusForSubscriptions()","PlanSubscriptionService.updateStatusForAllSubscriptions()"
"com.itsoninc.saas.services.partner.plancycle.externalevent.WalletTransactionEventServiceImpl.processTopupEvent()","WalletTransactionEventServiceImpl.notifyOperatorOfTopupEvent()"
"WalletTransactionEventServiceImpl.notifyOperatorOfTopupEvent()","WalletTransactionEventServiceImpl.createExternalTopupRequest()"
"WalletTransactionEventServiceImpl.createExternalTopupRequest()","MoneyConversionUtil.toDouble()"
"WalletTransactionEventServiceImpl.notifyOperatorOfTopupEvent()","JsonUtil.toJson()"
"WalletTransactionEventServiceImpl.notifyOperatorOfTopupEvent()","ServiceUtil.asString()"
"WalletTransactionEventServiceImpl.notifyOperatorOfTopupEvent()","ServiceUtil.safeString()"
"CycleEventProcessorImpl.access.1100()","CycleEventProcessorImpl.syncUpdatePlanSubscription()"
"SubscriberDeviceServiceJob.access.000()","SubscriberDeviceServiceJob.updateForSnid()"
"SubscriberDeviceServiceJob.updateForSnid()","SubscriberDeviceServiceJob.acquireLock()"
"SubscriberDeviceServiceJob.acquireLock()","RemoteCacheClient.add()"
"SubscriberDeviceServiceJob.updateForSnid()","SubscriberDeviceServiceJob.checkForDupeDevices()"
"SubscriberDeviceServiceJob.checkForDupeDevices()","DeviceSwapService.findSubscriberDevicesForSnid()"
"AdapterCallServiceJob.access.100()","AdapterCallServiceJob.checkThingsToDo()"
"AdapterCallServiceJob.checkThingsToDo()","AdapterCallServiceJob.checkForTimeouts()"
"AdapterCallServiceJob.checkForTimeouts()","AdapterCallService.findTimedOut()"
"AdapterCallServiceJob.checkThingsToDo()","AdapterCallServiceJob.checkForNewCalls()"
"AdapterCallServiceJob.checkForNewCalls()","AdapterCallService.findAcsToTry()"
"PlanCycleServiceImpl.access.200()","PlanCycleServiceImpl.validateAccountCycles()"
"PlanCycleServiceImpl.validateAccountCycles()","Pagination.create()"
"PlanCycleServiceImpl.validateAccountCycles()","PlanCycleServiceImpl.isActiveAccount()"
"PlanCycleServiceImpl.validateAccountCycles()","CycleEventSchedulerUtil.checkProtoRecord()"
"PlanCycleServiceImpl.validateAccountCycles()","PlanCycleServiceImpl.isActiveSubscriberNetworkId()"
"PlanCycleServiceImpl.access.300()","PlanCycleServiceImpl.selectAccountSubscriptionCycles()"
"PlanCycleServiceImpl.selectAccountSubscriptionCycles()","PlanCycleServiceImpl.lock()"
"PlanCycleServiceImpl.lock()","RemoteCacheClient.add()"
"DeviceSwapServiceJob.access.300()","DeviceSwapServiceJob.callRemoteDeviceSwapUpdate()"
"DeviceSwapServiceJob.callRemoteDeviceSwapUpdate()","ByteString.copyFrom()"
"DeviceSwapServiceJob.callRemoteDeviceSwapUpdate()","NotifyServiceClient.sendMessagesToDI()"
"InvoiceCycleEventServiceImpl.access.000()","InvoiceCycleEventServiceImpl.postInvoice()"
"InvoiceCycleEventServiceImpl.postInvoice()","InvoiceCycleEventServiceImpl.dropAllForSuspendedAccount()"
"InvoiceCycleEventServiceImpl.dropAllForSuspendedAccount()","SubscriptionModel.SubscriptionChangeEvent.SubscriptionDroppedReason.name()"
"InvoiceCycleEventServiceImpl.dropAllForSuspendedAccount()","InvoiceCycleEventServiceImpl.dropSubscriptionOrFee()"
"InvoiceCycleEventServiceImpl.postInvoice()","InvoiceCycleEventServiceImpl.updateInvoiceIdForSubscriptions()"
"InvoiceCycleEventServiceImpl.updateInvoiceIdForSubscriptions()","SubscriptionModel.PlanSubscription.hasBillingCycleId()"
"AccountActionServiceImpl.access.400()","AccountActionServiceImpl.markAccountAsTerminated()"
"AccountActionServiceImpl.markAccountAsTerminated()","AccountService.update()"
"AccountActionServiceImpl.access.2000()","AccountActionServiceImpl.callAdapterSubscriberTerminateRequest()"
"AccountActionServiceImpl.callAdapterSubscriberTerminateRequest()","DeviceService.findBySubscriberNetworkId()"
"com.itsoninc.saas.services.partner.plancycle.notification.event.TaggingOutputEventHandler.readResults()","TaggingOutputEventHandler.sendTimeBasedTagNotificationMessage()"
"TaggingOutputEventHandler.sendTimeBasedTagNotificationMessage()","TaggingOutputEventHandler.isInTimeRange()"
"TaggingOutputEventHandler.isInTimeRange()","NotificationModel.NotificationUsageConfig.hasApplicableTimeStart()"
"TaggingOutputEventHandler.isInTimeRange()","NotificationModel.NotificationUsageConfig.hasApplicableTimeEnd()"
"TaggingOutputEventHandler.createTag()","TagCategoryService.syncFindExact()"
"TaggingOutputEventHandler.mergeResults()","NotificationModel.LogicOperator.equals()"
"TaggingOutputEventHandler.sendTimeBasedTagNotificationMessage()","BulkNotifier.sendTimeBasedTagBulkMessages()"
"com.itsoninc.saas.services.partner.plancycle.accountaction.event.AccountManagementEventServiceJob.asyncExecute()","IOPBaseService.findFreeTimeSlot()"
"com.itsoninc.saas.services.partner.plancycle.accountaction.event.AccountManagementEventServiceJob.asyncExecute()","AccountManagementEventServiceJob.processAccountManagementEventProtoIndexRecords()"
"AccountManagementEventServiceJob.processAccountManagementEventProtoIndexRecords()","PlanCycleModel.AccountJobAction.name()"
"AccountManagementEventServiceJob.processAccountManagementEventProtoIndexRecords()","AccountManagementEventServiceJob.executeAction()"
"AccountManagementEventServiceJob.executeAction()","EventAction.execute()"
"AccountManagementEventServiceJob.executeAction()","AccountManagementEventServiceJob.executeWithFallback()"
"ExternalEventsHandlerQueueJob.access.000()","ExternalEventsHandlerQueueJob.asyncExecute()"
"ExternalEventsHandlerQueueJob.asyncExecute()","DistributedQueue.dequeue()"
"CycleEventProcessorImpl.access.400()","CycleEventProcessorImpl.syncGetPlanOffer()"
"AccountChurnEvent.access.000()","AccountChurnEvent.applyTerminateCondition()"
"AccountChurnEvent.applyTerminateCondition()","PartnerModel.Policy.hasMaxInactivePlanInDays()"
"AccountChurnEvent.applyTerminateCondition()","PlanCycleModel.AccountJobAction.name()"
"ProvisionCompleteEventServiceImpl.access.100()","ProvisionCompleteEventServiceImpl.sendInvoiceRequest()"
"ProvisionCompleteEventServiceImpl.sendInvoiceRequest()","InvoiceService.sendInvoiceRequest()"
"ExternalTopupEventQueueJob.access.000()","ExternalTopupEventQueueJob.asyncExecute()"
"ExternalTopupEventQueueJob.asyncExecute()","ExternalTopupEventQueueJob.init()"
"ExternalTopupEventQueueJob.asyncExecute()","DistributedQueue.dequeue()"
"PlanExpirationNotifyEvent.access.000()","PlanExpirationNotifyEvent.controlInstanceExists()"
"AbstractAccountActionHandler.access.000()","AbstractAccountActionHandler.storeLastProcessedAccountAction()"
"AbstractAccountActionHandler.storeLastProcessedAccountAction()","PlanCycleModel.AccountJobAction.name()"
"AccountActionServiceImpl.terminateAccount()","AccountActionServiceImpl.sendTerminateAccountRequest()"
"OperatorSubscriptionCycleHandlerImpl.processOPCycleEventResponse()","ServiceResponse.asString()"
"OperatorSubscriptionCycleHandlerImpl.processOPCycleEventResponse()","ServiceResponse.isSuccessfulStatusCode()"
"com.itsoninc.saas.services.partner.plancycle.job.AdapterCallServiceJob.execute()","AdapterCallServiceJob.init()"
"com.itsoninc.saas.services.partner.plancycle.job.AdapterCallServiceJob.execute()","AdapterCallServiceJob.asyncExecute()"
"AdapterCallServiceJob.asyncExecute()","AdapterCallServiceJob.init()"
"AdapterCallServiceJob.asyncExecute()","AdapterCallServiceJob.checkThingsToDo()"
"AdapterCallServiceJob.checkThingsToDo()","AdapterCallServiceJob.checkForTimeouts()"
"AdapterCallServiceJob.checkForTimeouts()","AdapterCallService.findTimedOut()"
"AdapterCallServiceJob.checkThingsToDo()","AdapterCallServiceJob.checkForNewCalls()"
"AdapterCallServiceJob.checkForNewCalls()","AdapterCallService.findAcsToTry()"
"SubscriberDeviceServiceJob.access.300()","SubscriberDeviceServiceJob.updateForSnid()"
"SubscriberDeviceServiceJob.updateForSnid()","SubscriberDeviceServiceJob.acquireLock()"
"SubscriberDeviceServiceJob.acquireLock()","RemoteCacheClient.add()"
"SubscriberDeviceServiceJob.updateForSnid()","SubscriberDeviceServiceJob.checkForDupeDevices()"
"SubscriberDeviceServiceJob.checkForDupeDevices()","DeviceSwapService.findSubscriberDevicesForSnid()"
"AccountChurnEvent.access.100()","AccountChurnEvent.isTerminateEligibleBasedOnPlanSubscription()"
"AccountChurnEvent.isTerminateEligibleBasedOnPlanSubscription()","JobUtil.diffInDays()"
"AccountActionServiceImpl.access.1300()","AccountActionServiceImpl.updateMapIfLarger()"
"AccountActionServiceImpl.access.1500()","AccountActionServiceImpl.clearPendingState()"
"InvoiceCycleEventServiceImpl.access.100()","InvoiceCycleEventServiceImpl.updateAccountInvoiceId()"
"InvoiceCycleEventServiceImpl.updateAccountInvoiceId()","SubscriberModel.Account.hasLastInvoiceCycleId()"
"InvoiceCycleEventServiceImpl.access.000()","InvoiceCycleEventServiceImpl.postInvoice()"
"InvoiceCycleEventServiceImpl.postInvoice()","InvoiceCycleEventServiceImpl.dropAllForSuspendedAccount()"
"InvoiceCycleEventServiceImpl.dropAllForSuspendedAccount()","SubscriptionModel.SubscriptionChangeEvent.SubscriptionDroppedReason.name()"
"InvoiceCycleEventServiceImpl.dropAllForSuspendedAccount()","InvoiceCycleEventServiceImpl.dropSubscriptionOrFee()"
"InvoiceCycleEventServiceImpl.postInvoice()","InvoiceCycleEventServiceImpl.updateInvoiceIdForSubscriptions()"
"InvoiceCycleEventServiceImpl.updateInvoiceIdForSubscriptions()","SubscriptionModel.PlanSubscription.hasBillingCycleId()"
"AccountActionServiceImpl.access.400()","AccountActionServiceImpl.markAccountAsTerminated()"
"AccountActionServiceImpl.markAccountAsTerminated()","AccountService.update()"
"OperatorSubscriptionCycleHandlerImpl.incrementInstumentationCounter()","PlanCycleMetricsCreator.PlanCycleMetricsType.valueOf()"
"OperatorSubscriptionCycleHandlerImpl.incrementInstumentationCounter()","Instrumentation.incrementCounter()"
"OperatorSubscriptionCycleHandlerImpl.access.500()","OperatorSubscriptionCycleHandlerImpl.suspendInactiveAccount()"
"OperatorSubscriptionCycleHandlerImpl.suspendInactiveAccount()","OperatorSubscriptionCycleHandlerImpl.suspendAccountCycle()"
"OperatorSubscriptionCycleHandlerImpl.suspendInactiveAccount()","OperatorSubscriptionCycleHandlerImpl.suspendSubscriptionCycles()"
"OperatorSubscriptionCycleHandlerImpl.suspendInactiveAccount()","OperatorSubscriptionCycleHandlerImpl.terminateInactiveAccountSubscription()"
"OperatorSubscriptionCycleHandlerImpl.access.600()","OperatorSubscriptionCycleHandlerImpl.enqueueUmsForInActiveAccountPlans()"
"OperatorSubscriptionCycleHandlerImpl.enqueueUmsForInActiveAccountPlans()","PlanSubscriptionUtil.updateSubsTerminationReason()"
"OperatorSubscriptionCycleHandlerImpl.enqueueUmsForInActiveAccountPlans()","UsageManagementService.enqueue()"
"OperatorSubscriptionCycleHandlerImpl.access.900()","OperatorSubscriptionCycleHandlerImpl.suspendAccountCycle()"
"OperatorSubscriptionCycleHandlerImpl.access.1300()","OperatorSubscriptionCycleHandlerImpl.rollAccountCycle()"
"OperatorSubscriptionCycleHandlerImpl.rollAccountCycle()","PlanCycleModel.AccountCyclePolicy.hasScheduleTime()"
"OperatorSubscriptionCycleHandlerImpl.access.1400()","OperatorSubscriptionCycleHandlerImpl.rollFeeCycles()"
"OperatorSubscriptionCycleHandlerImpl.rollFeeCycles()","PlanModel.PlanOffer.hasMaxBillingCycles()"
"OperatorSubscriptionCycleHandlerImpl.rollFeeCycles()","SubscriptionModel.FeeChangeEvent.FeeChangeReason.name()"
"OperatorSubscriptionCycleHandlerImpl.rollFeeCycles()","FeeUtil.addFeeEvent()"
"ExternalEventsHandlerQueueJob.processExternalEvent()","ExternalEventsHandlerQueueJob.checkExternalEventArguments()"
"ExternalEventsHandlerQueueJob.checkExternalEventArguments()","PlanCycleModel.ExternalEvent.EventType.ordinal()"
"ExternalEventsHandlerQueueJob.checkExternalEventArguments()","PlanCycleModel.ExternalEvent.hasWalletTransactionEvent()"
"ExternalEventsHandlerQueueJob.checkExternalEventArguments()","PlanCycleModel.ExternalEvent.hasProvisionCompleteEvent()"
"ExternalEventsHandlerQueueJob.checkExternalEventArguments()","PlanCycleModel.ExternalEvent.hasSimSwapEvent()"
"ExternalEventsHandlerQueueJob.checkExternalEventArguments()","PlanCycleModel.ExternalEvent.hasPortOutEvent()"
"ExternalEventsHandlerQueueJob.processExternalEvent()","ExternalEventsHandlerQueueJob.findSnidHomeDi()"
"ExternalEventsHandlerQueueJob.processExternalEvent()","ExternalEventsHandlerQueueJob.processLocalEvent()"
"ExternalEventsHandlerQueueJob.processLocalEvent()","PlanCycleModel.ExternalEvent.EventType.ordinal()"
"ExternalEventsHandlerQueueJob.processLocalEvent()","ExternalEventsHandlerQueueJob.processWalletTransactionEvent()"
"ExternalEventsHandlerQueueJob.processWalletTransactionEvent()","WalletTransactionEventService.processWalletTransactionEvent()"
"ExternalEventsHandlerQueueJob.processLocalEvent()","ExternalEventsHandlerQueueJob.processProvisionCompleteEvent()"
"ExternalEventsHandlerQueueJob.processProvisionCompleteEvent()","ProvisionCompleteEventService.processProvisionCompleteEvent()"
"ExternalEventsHandlerQueueJob.processLocalEvent()","ExternalEventsHandlerQueueJob.processSimSwapEvent()"
"ExternalEventsHandlerQueueJob.processSimSwapEvent()","SimSwapEventService.processSimSwapEvent()"
"ExternalEventsHandlerQueueJob.processLocalEvent()","ExternalEventsHandlerQueueJob.processPortOutEvent()"
"ExternalEventsHandlerQueueJob.processPortOutEvent()","PortOutService.portOut()"
"ExternalEventsHandlerQueueJob.processExternalEvent()","ServiceUtil.safeString()"
"ExternalEventsHandlerQueueJob.processExternalEvent()","ExternalEventsHandlerQueueJob.routeExternalEvent()"
"ExternalEventsHandlerQueueJob.routeExternalEvent()","ByteString.copyFrom()"
"ExternalEventsHandlerQueueJob.routeExternalEvent()","NotifyServiceClient.sendMessagesToDI()"
"AutoProvisionServiceJob.access.100()","AutoProvisionServiceJob.processEvent()"
"AutoProvisionServiceJob.processEvent()","NetworkProvision.AutoProvisionRequest.hasPhoneNumber()"
"AutoProvisionServiceJob.processEvent()","NetworkProvision.AutoProvisionRequest.hasImsi()"
"AutoProvisionServiceJob.processEvent()","AutoProvisionServiceJob.provision()"
"AutoProvisionServiceJob.provision()","ProvisionService.provision()"
"PlanExpirationNotifyEvent.access.100()","PlanExpirationNotifyEvent.sendNotification()"
"CycleEventProcessorImpl.access.700()","CycleEventProcessorImpl.dropSubscription()"
"CycleEventProcessorImpl.dropSubscription()","PlanPurchaseService.stop()"
"CycleEventProcessorImpl.access.800()","CycleEventProcessorImpl.isActiveSubscription()"
"CycleEventProcessorImpl.access.900()","CycleEventProcessorImpl.clearSuspendedAndZeroAllowances()"
"CycleEventProcessorImpl.clearSuspendedAndZeroAllowances()","SubscriptionModel.PlanSubscriptionAllowance.hasNewAllowancePercentage()"
"CycleEventProcessorImpl.clearSuspendedAndZeroAllowances()","SubscriptionModel.PlanSubscriptionAllowance.hasSuspendedAllowance()"
"CycleEventProcessorImpl.clearSuspendedAndZeroAllowances()","SubscriptionModel.PlanSubscriptionAllowance.hasAllowancePercentage()"
"CycleEventProcessorImpl.clearSuspendedAndZeroAllowances()","CycleEventProcessorImpl.modifyAllowances()"
"CycleEventProcessorImpl.modifyAllowances()","CycleEventProcessorImpl.syncDeleteAllowance()"
"CycleEventProcessorImpl.modifyAllowances()","CycleEventProcessorImpl.syncUpdateAllowance()"
"CycleEventProcessorImpl.modifyAllowances()","TransactionContext.commit()"
"CycleEventProcessorImpl.modifyAllowances()","TransactionContext.close()"
"CycleEventProcessorImpl.clearSuspendedAndZeroAllowances()","CycleEventProcessorImpl.dropSubscriptionsZeroAllowance()"
"CycleEventProcessorImpl.dropSubscriptionsZeroAllowance()","CycleEventProcessorImpl.dropSubscription()"
"SubscriberDeviceServiceJob.access.600()","SubscriberDeviceServiceJob.checkAdapterSubscriberDevicePendingExpired()"
"SubscriberDeviceServiceJob.checkAdapterSubscriberDevicePendingExpired()","SubscriberDeviceServiceJob.callAdapterSubscriberDevicePendingExpired()"
"SubscriberDeviceServiceJob.callAdapterSubscriberDevicePendingExpired()","SubscriberDeviceServiceJob.callAdapter()"
"SubscriberDeviceServiceJob.callAdapter()","SubscriberHistoryModel.SubscriberChangeReason.name()"
"SubscriberDeviceServiceJob.access.700()","SubscriberDeviceServiceJob.deactivateSubscriberDevice()"
"SubscriberDeviceServiceJob.deactivateSubscriberDevice()","DeviceSwapService.updateSubscriberDevice()"
"MRCOPNotifyEvent.access.000()","MRCOPNotifyEvent.notifyOP()"
"MRCOPNotifyEvent.notifyOP()","ClientNotificationModel.FixedEventType.name()"
"MRCOPNotifyEvent.notifyOP()","MRCOPNotifyEvent.sendEvent()"
"MRCOPNotifyEvent.sendEvent()","MRCOPNotifyEvent.postJson()"
"com.itsoninc.saas.services.partner.plancycle.accountaction.AccountActionQueueListener.onDequeue()","PlanCycleModel.AccountJobActionRequest.hasPartnerId()"
"com.itsoninc.saas.services.partner.plancycle.accountaction.AccountActionQueueListener.onDequeue()","PlanCycleModel.AccountJobActionRequest.hasRequestId()"
"com.itsoninc.saas.services.partner.plancycle.accountaction.AccountActionQueueListener.onDequeue()","PlanCycleModel.AccountJobActionRequest.hasLogLevelType()"
"com.itsoninc.saas.services.partner.plancycle.accountaction.AccountActionQueueListener.onDequeue()","AccountActionQueueListener.finalizeTermination()"
"AccountActionQueueListener.finalizeTermination()","AccountActionQueueListener.terminate()"
"ChargeHistoryInvoiceServiceImpl.access.000()","ChargeHistoryInvoiceServiceImpl.createResponse()"
"ChargeHistoryInvoiceServiceImpl.access.100()","ChargeHistoryInvoiceServiceImpl.createChargeInvoice()"
"ChargeHistoryInvoiceServiceImpl.createChargeInvoice()","InvoiceJsonUtil.generateChargeInvoice()"
"ChargeHistoryInvoiceServiceImpl.createChargeInvoice()","ChargeHistoryInvoiceServiceImpl.sendInvoiceRequest()"
"ChargeHistoryInvoiceServiceImpl.sendInvoiceRequest()","InvoiceJsonUtil.asJsonString()"
"InvoiceJsonUtil.asJsonString()","ObjectMapper.writeValueAsString()"
"ExternalTopupEventQueueJob.access.200()","ExternalTopupEventQueueJob.updateSubscriberWalletInfo()"
"ExternalTopupEventQueueJob.access.300()","ExternalTopupEventQueueJob.notifyOperatorOfTopupEvent()"
"ExternalTopupEventQueueJob.notifyOperatorOfTopupEvent()","ExternalTopupEventQueueJob.createExternalTopupRequest()"
"ExternalTopupEventQueueJob.createExternalTopupRequest()","ExternalTopupEventQueueJob.toDouble()"
"ExternalTopupEventQueueJob.notifyOperatorOfTopupEvent()","ExternalTopupEventQueueJob.toJsonString()"
"ExternalTopupEventQueueJob.toJsonString()","ObjectMapper.writeValueAsString()"
"ExternalTopupEventQueueJob.notifyOperatorOfTopupEvent()","ServiceUtil.asString()"
"ExternalTopupEventQueueJob.notifyOperatorOfTopupEvent()","ServiceUtil.safeString()"
"PlanExpirationNotifyEvent.access.400()","PlanExpirationNotifyEvent.applyEnforcementEntities()"
"ExternalTopupEventQueueJob.processExternalTopupEvent()","ExternalTopupEventQueueJob.checkExternalTopupEventArguments()"
"ExternalTopupEventQueueJob.checkExternalTopupEventArguments()","PlanCycleModel.ExternalTopupEvent.hasTopupAmount()"
"ExternalTopupEventQueueJob.processExternalTopupEvent()","ExternalTopupEventQueueJob.processLocalEvent()"
"ExternalTopupEventQueueJob.processLocalEvent()","PlanCycleModel.ExternalTopupEvent.hasWalletValidUtcTimestamp()"
"ExternalTopupEventQueueJob.processLocalEvent()","ExternalTopupEventQueueJob.notifyOperatorOfTopupEvent()"
"ExternalTopupEventQueueJob.notifyOperatorOfTopupEvent()","ExternalTopupEventQueueJob.createExternalTopupRequest()"
"ExternalTopupEventQueueJob.createExternalTopupRequest()","ExternalTopupEventQueueJob.toDouble()"
"ExternalTopupEventQueueJob.notifyOperatorOfTopupEvent()","ExternalTopupEventQueueJob.toJsonString()"
"ExternalTopupEventQueueJob.toJsonString()","ObjectMapper.writeValueAsString()"
"ExternalTopupEventQueueJob.notifyOperatorOfTopupEvent()","ServiceUtil.asString()"
"ExternalTopupEventQueueJob.notifyOperatorOfTopupEvent()","ServiceUtil.safeString()"
"ExternalTopupEventQueueJob.processExternalTopupEvent()","ExternalTopupEventQueueJob.processRemoteEvent()"
"ExternalTopupEventQueueJob.processRemoteEvent()","ByteString.copyFrom()"
"ExternalTopupEventQueueJob.processRemoteEvent()","NotifyServiceClient.sendMessagesToDI()"
"PlanCycleServiceImpl.access.1900()","PlanCycleServiceImpl.processAccSubsEvents()"
"PlanCycleServiceImpl.processAccSubsEvents()","OperatorSubscriptionCycleHandlerImpl.processAccountSubscriptionsCycleEvent()"
"OperatorSubscriptionCycleHandlerImpl.processAccountSubscriptionsCycleEvent()","OperatorSubscriptionCycleHandlerImpl.suspendAccountCycle()"
"OperatorSubscriptionCycleHandlerImpl.processAccountSubscriptionsCycleEvent()","OperatorSubscriptionCycleHandlerImpl.suspendSubscriptionCycles()"
"OperatorSubscriptionCycleHandlerImpl.processAccountSubscriptionsCycleEvent()","OperatorSubscriptionCycleHandlerImpl.accountHasNoActiveSnid()"
"OperatorSubscriptionCycleHandlerImpl.processAccountSubscriptionsCycleEvent()","PlanCycleModel.AccountCycle.hasBillingCycleId()"
"OperatorSubscriptionCycleHandlerImpl.processAccountSubscriptionsCycleEvent()","AccountCycleService.computeAccountBillingCycleId()"
"OperatorSubscriptionCycleHandlerImpl.processAccountSubscriptionsCycleEvent()","FeeService.syncGetAllRecurringFees()"
"OperatorSubscriptionCycleHandlerImpl.processAccountSubscriptionsCycleEvent()","SubscriptionModel.Fee.hasSubscriberNetworkId()"
"OperatorSubscriptionCycleHandlerImpl.processAccountSubscriptionsCycleEvent()","OperatorSubscriptionCycleHandlerImpl.sendPlanCycleInvoiceEvent()"
"PlanCycleServiceImpl.access.100()","PlanCycleServiceImpl.invoiceSubscriptionCycles()"
"PlanCycleServiceImpl.invoiceSubscriptionCycles()","PlanCycleServiceImpl.isNonActiveSubscription()"
"PlanCycleServiceImpl.invoiceSubscriptionCycles()","PlanCycleServiceImpl.isNonActiveAccountForSubscription()"
"PlanCycleServiceImpl.invoiceSubscriptionCycles()","PlanCycleServiceImpl.clearSubscriptionCycle()"
"PlanCycleServiceImpl.invoiceSubscriptionCycles()","SubscriptionCyclePolicyService.syncGetByPartnerId()"
"PlanCycleServiceImpl.invoiceSubscriptionCycles()","AccountCyclePolicyService.syncGetByPartnerId()"
"PlanCycleServiceImpl.invoiceSubscriptionCycles()","PlanCycleServiceImpl.processAccSubsEvents()"
"PlanCycleServiceImpl.processAccSubsEvents()","OperatorSubscriptionCycleHandlerImpl.processAccountSubscriptionsCycleEvent()"
"OperatorSubscriptionCycleHandlerImpl.processAccountSubscriptionsCycleEvent()","OperatorSubscriptionCycleHandlerImpl.suspendAccountCycle()"
"OperatorSubscriptionCycleHandlerImpl.processAccountSubscriptionsCycleEvent()","OperatorSubscriptionCycleHandlerImpl.suspendSubscriptionCycles()"
"OperatorSubscriptionCycleHandlerImpl.processAccountSubscriptionsCycleEvent()","OperatorSubscriptionCycleHandlerImpl.accountHasNoActiveSnid()"
"OperatorSubscriptionCycleHandlerImpl.processAccountSubscriptionsCycleEvent()","PlanCycleModel.AccountCycle.hasBillingCycleId()"
"OperatorSubscriptionCycleHandlerImpl.processAccountSubscriptionsCycleEvent()","AccountCycleService.computeAccountBillingCycleId()"
"OperatorSubscriptionCycleHandlerImpl.processAccountSubscriptionsCycleEvent()","FeeService.syncGetAllRecurringFees()"
"OperatorSubscriptionCycleHandlerImpl.processAccountSubscriptionsCycleEvent()","SubscriptionModel.Fee.hasSubscriberNetworkId()"
"OperatorSubscriptionCycleHandlerImpl.processAccountSubscriptionsCycleEvent()","OperatorSubscriptionCycleHandlerImpl.sendPlanCycleInvoiceEvent()"
"PlanCycleServiceImpl.access.100()","PlanCycleServiceImpl.invoiceSubscriptionCycles()"
"PlanCycleServiceImpl.invoiceSubscriptionCycles()","PlanCycleServiceImpl.isNonActiveSubscription()"
"PlanCycleServiceImpl.invoiceSubscriptionCycles()","PlanCycleServiceImpl.isNonActiveAccountForSubscription()"
"PlanCycleServiceImpl.invoiceSubscriptionCycles()","PlanCycleServiceImpl.clearSubscriptionCycle()"
"PlanCycleServiceImpl.invoiceSubscriptionCycles()","SubscriptionCyclePolicyService.syncGetByPartnerId()"
"PlanCycleServiceImpl.invoiceSubscriptionCycles()","AccountCyclePolicyService.syncGetByPartnerId()"
"PlanCycleServiceImpl.invoiceSubscriptionCycles()","PlanCycleServiceImpl.processAccSubsEvents()"
"PlanCycleServiceImpl.processAccSubsEvents()","OperatorSubscriptionCycleHandlerImpl.processAccountSubscriptionsCycleEvent()"
"OperatorSubscriptionCycleHandlerImpl.processAccountSubscriptionsCycleEvent()","OperatorSubscriptionCycleHandlerImpl.suspendAccountCycle()"
"OperatorSubscriptionCycleHandlerImpl.processAccountSubscriptionsCycleEvent()","OperatorSubscriptionCycleHandlerImpl.suspendSubscriptionCycles()"
"OperatorSubscriptionCycleHandlerImpl.processAccountSubscriptionsCycleEvent()","OperatorSubscriptionCycleHandlerImpl.accountHasNoActiveSnid()"
"OperatorSubscriptionCycleHandlerImpl.processAccountSubscriptionsCycleEvent()","PlanCycleModel.AccountCycle.hasBillingCycleId()"
"OperatorSubscriptionCycleHandlerImpl.processAccountSubscriptionsCycleEvent()","AccountCycleService.computeAccountBillingCycleId()"
"OperatorSubscriptionCycleHandlerImpl.processAccountSubscriptionsCycleEvent()","FeeService.syncGetAllRecurringFees()"
"OperatorSubscriptionCycleHandlerImpl.processAccountSubscriptionsCycleEvent()","SubscriptionModel.Fee.hasSubscriberNetworkId()"
"OperatorSubscriptionCycleHandlerImpl.processAccountSubscriptionsCycleEvent()","OperatorSubscriptionCycleHandlerImpl.sendPlanCycleInvoiceEvent()"
